INSERT INTO countries (id, title)
VALUES (1, 'Belarus'),
       (2, 'Germany'),
       (3, 'Holland'),
       (4, 'Moldavia'),
       (5, 'Russia'),
       (6, 'Sweden'),
       (7, 'Ukraine'),
       (8, 'United Kingdom'),
       (9, 'USA');

INSERT INTO genres (id, title)
VALUES (1, 'Rock'),
       (2, 'Metal'),
       (3, 'Punk'),
       (4, 'Pop'),
       (5, 'Dance'),
       (6, 'Indie rock'),
       (7, 'Disco'),
       (8, 'Synthpop'),
       (9, 'Indie pop'),
       (10, 'Rock ''n'' roll'),
       (11, 'Rap'),
       (12, 'Chanson'),
       (13, 'Ska punk'),
       (14, 'Blues');

INSERT INTO bands (id, title, date_creation, date_destruction)
VALUES (1, 'Ace of Base', '1990', '2012'),
       (2, 'Alice Merton', '2016', NULL),
       (3, 'Bee Gees', '1958', '2012'),
       (4, 'Bon Jovi', '1983', NULL),
       (5, 'Boney M', '1975', '1990'),
       (6, 'Bruno Mars', '2006', NULL),
       (7, 'DNCE', '2015', NULL),
       (8, 'Eurythmics', '1980', '2014'),
       (9, 'Gary Moore', '1969', '2011'),
       (10, 'George Michael', '1981', '2016'),
       (11, 'Gloria Gaynor', '1965', NULL),
       (12, 'IOWA', '2007', NULL),
       (13, 'Jessie J', '1999', NULL),
       (14, 'Joan Jett & the Blackhearts', '1975', NULL),
       (15, 'John Newman', '2004', NULL),
       (16, 'Katy Perry', '2001', NULL),
       (17, 'Mark Ronson feat. Bruno Mars', '1993', NULL),
       (18, 'Maroon 5', '1994', NULL),
       (19, 'Michael Jackson', '1964', '2009'),
       (20, 'Roxette', '1986', NULL),
       (21, 'Sam Brown', '1988', '2008'),
       (22, 'SEREBRO', '2006', NULL),
       (23, 'Shocking Blue', '1967', '1984'),
       (24, 'Tina Turner', '1958', NULL),
       (25, 'Zdob si Zdub', '1994', NULL),
       (26, 'Браво', '1983', NULL),
       (27, 'Бумбокс', '2004', NULL),
       (28, 'Егор Крид', '2012', NULL),
       (29, 'Елена Ваенга', '1996', NULL),
       (30, 'Ёлка', '2004', NULL),
       (31, 'Жуки', '1991', NULL),
       (32, 'Звери', '2001', NULL),
       (33, 'Земфира', '1998', NULL),
       (34, 'Ленинград', '1997', NULL),
       (35, 'Леприконсы', '1997', NULL),
       (36, 'Ляпис Трубецкой', '1989', '2014'),
       (37, 'Машина времени', '1969', NULL),
       (38, 'Мумий Тролль', '1983', NULL),
       (39, 'Океан Эльзы', '1994', NULL),
       (40, 'Сплин', '1994', NULL),
       (41, 'Чичерина', '1997', NULL),
       (42, 'Би-2', '1998', NULL);

INSERT INTO bands_countries_relations (band_id, country_id)
VALUES (1, 6),
       (2, 2),
       (3, 8),
       (4, 9),
       (5, 2),
       (6, 9),
       (7, 9),
       (8, 8),
       (9, 8),
       (10, 8),
       (11, 9),
       (12, 1),
       (13, 8),
       (14, 9),
       (15, 8),
       (16, 9),
       (17, 8),
       (18, 9),
       (19, 9),
       (20, 6),
       (21, 8),
       (22, 5),
       (23, 3),
       (24, 9),
       (25, 4),
       (26, 5),
       (27, 7),
       (28, 5),
       (29, 5),
       (30, 5),
       (31, 5),
       (32, 5),
       (33, 5),
       (34, 5),
       (35, 1),
       (36, 1),
       (37, 5),
       (38, 5),
       (39, 7),
       (40, 5),
       (41, 5),
       (42, 5);

INSERT INTO bands_genres_relations (band_id, genre_id)
VALUES (1, 4),
       (2, 6),
       (3, 4),
       (4, 1),
       (5, 7),
       (6, 4),
       (7, 4),
       (8, 8),
       (9, 14),
       (10, 4),
       (11, 7),
       (12, 9),
       (13, 4),
       (14, 1),
       (15, 9),
       (16, 4),
       (17, 4),
       (18, 9),
       (19, 4),
       (20, 1),
       (21, 4),
       (22, 4),
       (23, 1),
       (24, 1),
       (25, 13),
       (26, 10),
       (27, 11),
       (28, 4),
       (29, 12),
       (30, 4),
       (31, 1),
       (32, 1),
       (33, 1),
       (34, 1),
       (35, 13),
       (36, 13),
       (37, 1),
       (38, 1),
       (39, 6),
       (40, 1),
       (41, 1);

INSERT INTO songs (id, band_id, title, key_signature)
VALUES (1, 1, 'All That She Wants', 4),
       (2, 2, 'No Roots', 2),
       (3, 3, 'Stayin'' Alive', NULL),
       (4, 4, 'It''s My Life', -3),
       (5, 5, 'Sunny', -3),
       (6, 6, 'Runaway Baby', 6),
       (7, 7, 'Cake by the Ocean', 1),
       (8, 8, 'Sweet Dreams (Are Made of This)', -3),
       (9, 10, 'Careless Whisper', -1),
       (10, 11, 'I Will Survive', NULL),
       (11, 12, 'Мама', 3),
       (12, 12, 'Улыбайся', 1),
       (13, 13, 'Price Tag', -1),
       (14, 14, 'I Love Rock ''n'' Roll', 1),
       (15, 15, 'Love me again', -2),
       (16, 16, 'Hot N Cold', NULL),
       (17, 17, 'Uptown Funk', NULL),
       (18, 18, 'This Love', NULL),
       (19, 18, 'Moves like Jagger', NULL),
       (20, 19, 'Billie Jean', 3),
       (21, 20, 'Sleeping In My Car', 3),
       (22, 21, 'Stop', 2),
       (23, 22, 'Мама Люба', 7),
       (24, 22, 'Между нами любовь', -1),
       (25, 23, 'Venus', 1),
       (26, 24, 'Simply The Best', NULL),
       (27, 25, 'Видели ночь', -1),
       (28, 26, 'Вася', -4),
       (29, 27, 'Вахтёрам', NULL),
       (30, 28, 'Самая самая', -3),
       (31, 29, 'Курю', NULL),
       (32, 30, 'На большом воздушном шаре', NULL),
       (33, 30, 'Около тебя', NULL),
       (34, 30, 'Прованс', 6),
       (35, 31, 'Батарейка', 2),
       (36, 32, 'Районы-кварталы', 0),
       (37, 33, 'Искала', -1),
       (38, 34, 'Рыба', -1),
       (39, 34, 'Экспонат', 2),
       (40, 35, 'Хали-Гали', 2),
       (41, 36, 'Ау', 0),
       (42, 36, 'В платье белом', 0),
       (43, 36, 'Харэ', 0),
       (44, 37, 'Мой друг (лучше всех играет блюз)', 4),
       (45, 38, 'Невеста', 0),
       (46, 39, 'Без бою', -1),
       (47, 40, 'Мое сердце', 2),
       (48, 41, 'Ту-лу-ла', 4),
       (49, 9, 'The Loner', -2),
       (50, 9, 'The Prophet', -2);